fname, label
63f6e2dea06784199f34a73ce8616ce1.jpg,6
baad07887a2c8dd66488f1c57c473a29.jpg,7
7dbd2dace409ecbd08ddeb6c6e74e374.jpg,6
be7fd46e48fff9ea3f99424a40eecaf1.jpg,8
0dad13758864098bdb284ae0554f9cd5.jpg,1
0114d8d9e75ca45aacc84c697349a3f5.jpg,9
4e53868188cfc1743944f962ec121d03.jpg,1
1470440004d8d35aa2c4d565321d8fe1.jpg,7
141ab8c260cec0e80832ac92239599df.jpg,9
0574af15b1fd5adc13ec86f6b6e15b44.jpg,4
91ad38e23591056282dadbf1b59bdb0b.jpg,0
bb47dd1aa8c05af5ba8920d00b753ec9.jpg,4
4f944bd38f610e2606929f108bc5d159.jpg,2
1cb89f726d66cd2934b250f2ae9bf295.jpg,3
464fadd9ec0ab15794201c221eeeead3.jpg,2
1ecb7b9303c71748c6e332bb72df9ce7.jpg,2
46ccfca430b1052e20d92853ca147c56.jpg,3
9286a89a84ef7392c0b3d3ddec816b82.jpg,5
89911913b6efa0876027bb89305fa6db.jpg,2
71ce82889877f7c3cf65ed256500cd8a.jpg,1
444b25edc5d8ffc994b4de098cb3c53a.jpg,4
d7f3b62ce27c974ab83461efd4fcebdf.jpg,2
79ece976159c9e10154119dd5b20bace.jpg,1
373330e9b3b3b3885cb1a53dfe4a2d4e.jpg,6
3336856e193c20b38f69cf5ae266e289.jpg,1
063d9520ca0346946048843109ea554f.jpg,6
cd472a8ecb7094804efbaa8faa68c985.jpg,3
0472e4b7f6742f0ed1079f40f4efb221.jpg,4
2d4d032ae3c865c71edc9583ca659365.jpg,8
08cebe53cd72d19b9f948d07cf037374.jpg,6
44753a89dbcc8da1d4ff71e12076a2f0.jpg,2
1296a5a769d7bce782a393154643a58a.jpg,0
619babc8a9aa779e64aa5f058ebdca3d.jpg,1
fdf3c32361f7b25b2a8d7378bc1fb967.jpg,6
af67672283b64a3c692b02f658f85f20.jpg,0
9e8eea7748d24ba699d8274b2bebbbfd.jpg,5
54cba6342502c435c8ad9998c4b308df.jpg,5
2f5669b0844656f27a0ea6849d00c22f.jpg,0
0b53587fc6874d004569e657113cbe53.jpg,5
2f7caaa3a557ff314ff71aacc68039f5.jpg,7
a522683baa10de2f3bf4a732767140cf.jpg,5
7f6da7092552ea4adcbbaa4ed3e88ff0.jpg,0
eadcc91f92ddd48234936863f1f75048.jpg,0
3a48578a2cd396d6d5454b25bb844ce1.jpg,9
c4f3afd192012ce1b185f0bbcbbd98ce.jpg,9
0c7d476c48a9c2855fb29880d942fa2c.jpg,6
7a8fada39056928f350a984212fe2e3e.jpg,0
09a50a25b9a756483492d30c1166007e.jpg,4
c72aaedd2ef51b1ada131126950b1ec6.jpg,6
36bc9ee76aca9e3dfb702d25e69596ec.jpg,0
8bf877d2e5cc5eec3b9e40b51bb076a9.jpg,7
af8d3806c680176a81af1a43425795fe.jpg,5
a84c4e4a6edb5b285f6225775d4b78fb.jpg,4
90d09a40dbb5451da04ea37035b7e514.jpg,7
d83841646029e9df6006b456d91825ba.jpg,2
7a22f80a8bb75dfcc145b252d0c69b9e.jpg,7
4b7ee9be48a42df68400540db6ef1ff8.jpg,0
536769941508af60763ac0174b1d8923.jpg,6
4ba0402f2ee8e0d11e5647b824d1c784.jpg,3
47904a9774dbbe8af08d04508328d65b.jpg,2
fb19171fa7cb6a9988a9272e34cb63d6.jpg,4
d76ee91640d893351243edc5c18c7a01.jpg,6
92e2f58bf07ca56f9ae2797ad4a03f6b.jpg,4
b4cdac336191cd41cc150d58a3536e1d.jpg,0
545348aa47f9e930d871585e6057a9e2.jpg,4
d13a2c6e73bccb068bb53834b975aa13.jpg,4
e4b332734986153818463addc7415bff.jpg,2
8ea2d6f2220cff78d0dacf91652c138e.jpg,0
9d2aaf811c38bbcdb045991d33567669.jpg,6
b6b05570105666424acaec5d004d0f11.jpg,7
3bfbf70fb39475b5b7406d009ecef8c7.jpg,1
07b34634533f7deebb54c3f9972ff060.jpg,8
e4e6decafc3ce21ef491ec5984314058.jpg,9
e19923873226f110e9f38b94cc1c5ba3.jpg,7
3b0985bfd38036874cf7f6bfc49988cf.jpg,3
a34acff776ce30adcdca7794de23169f.jpg,9
79062f6b406d334d3ccb0fa211371412.jpg,8
041988062b62fe6d31c7538230ea4e66.jpg,1
49a392857c6777be85080634d620fc89.jpg,4
f0446616309f8843acf12c7dd6cca7fc.jpg,8
97b78ec12d7ad938ea07d82296ad6524.jpg,0
5d97b73a8cd8f71cbe01bbf3b56b3475.jpg,1
509c04f4a8f418ba97971e0ef6efed78.jpg,6
c16f1ec8cda6b7f7679af1b927eaa827.jpg,7
c1dfe5b8b8dcf1c5ec6313d29534e8d5.jpg,2
68174c6205cf3c848af78b6760825600.jpg,1
ca4aa3a1580674788fd0daa150055d4d.jpg,9
d8f83a65e7c23766d0392f008de61722.jpg,5
00e02b68b965f4d546fb5276edf1b133.jpg,8
0cddefc94baf6c118dd0d4be7aee2908.jpg,5
3783cbe8ae986e7848f74ea8bd73a11d.jpg,7
5fba8393b7330640fc0204916cb7acaa.jpg,5
599a4d61fb94e94a9ae88caa34780bab.jpg,1
c6f00043e020f43bc42f619d7e16e015.jpg,4
3affd178e1bf7e75819c3b9548c75836.jpg,4
0f1eea74fc191c38a27285582344750c.jpg,8
9882596d7cf6d75d8b94f25ea428a879.jpg,6
37c514c9c6feca592d277c9ee95dc4ce.jpg,7
471940349e489821d1aef2d8d52880da.jpg,3
69a8ec4d3211d53151708d653c70d3c5.jpg,1
